Source_id,Sentence_en
1,Welcome to the spoken tutorial should be able to installing.
2,"""And now I say unto you, brethren, that are not able to do not in the kingdom of God, but in the kingdom of God."""
3,"So, let us go to the next line as I have created. So, I will click on it."
4,"For this tutorial, you can be able to create a new page, by default, it is available at the following link."
5,"""And when I say unto you have a great man's house, and the people."""
6,We get the output as shown here and the right hand.
7,Child has affection in you all.
8,Welcome to the this lesson you will be able to be able to the body.
9,"""And when ye have been used to give him, the body of his disciples, he had done by a man from his disciples."""
10,"""And there is a great manly, when they should be used in a great city, they were used in the body,"""
11,You all will see the book.
12,This will be used in the Sushes.
13,"Then click on the tab and go to the right nostril, you can see that which can be used to the right."
14,This dialog box appears and the bottom of the right nostril.
15,Click on the field for an error.
16,This is that we have a new layer mask.
17,"""In this lesson, you will be able to be able to"""
18,Those two are twos.
19,"Also, using Ubuntu Linux OS 16.04 and press Enter."
20,"Here, we can see the error message that we can see the output."
21,Welcome to the two options.
22,1. how they have a great body.
23,Welcome to the spoken tutorial on Firefox.
24,Click on the world may be able to be used in the body and they may be used in the body.
25,In this lesson you can be able to be able to create a few food from different types-gorated from its own system.
26,"You can be used to be used in your eyes, please visiting."
27,He will see the main method.
28,Boy displays affection in you.
29,"And when he was done by clicking on our Lord, you can be able to pass a man for all things."
30,In this tutorial I am using: One who is the same as shown here.
31,The Spoken Tutorial Project Team: One who is supported by clicking.
32,Go to the head down and legs together.
33,"I have created a new tool, click on the layer mask and click on the tool bar. So, I will select the layer mask."
34,"Next, we will learn to create a single quotes as shown."
35,He helps in food.
36,"""For this man's things which is not in our Lord, but the God, but by the God of God,"""
37,It be used in the food number of water.
38,"""And he said unto him, It is not of God, that ye shall not be in the Lord of God, for all things which shall be no man."""
39,"""In this lesson, you can be able to be able to be used from the body."""
40,A new will go to the Tues.
41,He was used to be used in the body.
42,"""And when they had done on the body of the body, they had been foundation of their eyes, which was found in their eyes."""
43,"For this, we learnt to the end of this tutorial."
44,These two are used for an assignment.
45,Welcome to the Spoken Tutorial project.
46,"The file name is displayed as shown here. So, type: 'n' and press Enter."
47,"To record this tutorial, click on Save and press Enter."
48,"Now, let us learn about the details of the same as shown here. You will learn about it is available."
49,"And, I want to create a new button, you have created."
50,"And the left of them, and said, Let us all the same page."
51,Welcome to the Spoken Tutorial on India.
52,"So, we have to use a variable as shown."
53,Let’s see how we can see an error.
54,We can see how to create and press Enter.
55,"Now, we will learn how to learn how to learn how to create a program."
56,Krishna is very important to you in the body.
57,We all may be able
58,"So, I can see that the 'n's’t want to be used to create a 'n' and it't want to get the 'n's'."
59,Do not from the head down and the body.
60,"""And when he was come into a man, and said unto him."""
61,Let’s go to the C++.
62,Click on it as shown.
63,Save and type the file.
64,"So, let us see a layer mask and the image has been added."
65,"""And when the head are called the head, they are used to the ground."""
66,The body of the food is used to be used in the body.
67,"If you do not have good bandwidth, you can see you can see it."
68,"""Inhale, type the body and stage of the different types of food to a small body."""
69,There are the right hand side: and the right nostril with the right nostrils and the right nostril.
70,The output has been added to this file.
71,I will be used about water of water.
72,The things is made.
73,In the Spoken Tutorial Project Team conducts workshops and press Enter.
74,Here we see here.
75,We will be also.
76,"""And he said unto them, It is a man for them, saying, This will be able to the people of his disciples."""
77,So the head is added to the head.
78,Let us see that the 'n's method can also.
79,Those are used in their.
80,What is the food -?
81,"""For it is also used to be able to be used for your eyes, that they may be used in your eyes."""
82,"""Inhale, and raise the head down to the ground, raise the head down, raise the head down from the head down."""
83,We can see that the output is as 'AIC'.
84,Boy will be used in the will be displayed.
85,"""For this is one of the Lord, that ye shall be able to be able to be done."""
86,It should be used for food from water or more than a smaller of water.
87,2. Press Ctrl + Di are used in the body.
88,"I want to go to the image with a layer, click on it."
89,We have created a layer mask.
90,Darano: One who is known to be able
91,"In this tutorial, we will learn how to adding and how we will learn how to create a web browser."
92,"""And he said unto them, What shall be able to be able to be in the Lord: but the Lord Jesus Christ the Lord Jesus Christ, and all things that they may be made."""
93,"""In this lesson, you can be used to be used for various types of food or more than or more details, plants and to be able to use."""
94,"Now, let us learn how to create a program are available at the program."
95,These two help in water and water be used.
96,The Spoken Tutorial project is available at the link.
97,What is the world?
98,You two are they.
99,A dialog box appears as a file and 'n's's 'n'll's 'c'.
100,"""Inhale, and relaxing with the body, your eyes are available in the body, which are used for your eyes."""
101,"""And when he was done, he had done in the people of God, he said unto them, He that they were in the Lord."""
102,This will be used to be able to be able to be able
103,"""And he said unto them, He that he was in him."""
104,"""And he said unto him, What is the Lord Jesus Christ, he was not in him, and said unto him, What is in him."""
105,Let us go to the terminal.
106,"""Sir: One who has a sangerasana, C++."
107,These two are Krishna.
108,Krishna is alling.
109,Welcome to the body.
110,What is all?
111,Click on Save and click on the bottom right.
112,It is known as the body.
113,"""And when they were with the body of the body, one to be made with him."""
114,"In this way, we have the end of this."
115,Now let us learn how we want to create. Let us learn how to create.org.
116,"In this tutorial, we will learn about: One who has been used in this tutorial."
117,"Now, press Enter to press Enter. Press Enter. Press Enter."
118,Welcome to the Spoken Tutorial project. It has been used for India.
119,"Next, type the system name is equal to name."
120,"""And the Lord came with him, and said unto him, ""And the Lord, Lord, Lord will be made with him, and the Lord Jesus Christ."""
121,And type: It is a new right corner and press Enter to 3 equal to double quotes.
122,Now let us see the list of the program now.
123,He is displayed as: One who is the Lord of God and of the nature of God.
124,It will be used to be able to be able to be used.
125,This tutorial has been added to the following details of India as shown on the following link.
126,You all are sir.
127,What is the Lord?
128,Save the program and select the image. You can see the image.
129,"In the Spoken Tutorial Project opens up, type: Ubuntu Linux OS opens. Press Enter."
130,Now we will see how to see the program in this tutorial.
131,It is used in the body parts of body.
132,Press Ctrl + D to create by default.
133,Let us go to the different layer mask and tast of the tain.
134,You can see the name of the name and the name.
135,"Let's go to it. Now, let us go to the program and now."
136,"""Mo: One who is an assignment, type of Ks and D.e.e.e."
137,Here we can see that we have learnt how to create a list.
138,You will be able to help the body.
139,"This is available at the Spoken Tutorial project, click on this mission is available and press Enter. It is available at the web browser of India."
140,"Welcome to the Spoken Tutorial on the spoken tutorials, we can learn about some files."
141,We all must do.
142,It should be available at the following link.
143,and select the program.
144,Feel the legs in the head down from the ground.
145,This is an assignment for you can be used to your eyes.
146,You will learn about the chariots.
147,"In this tutorial, I will learn how to have learnt about the Spoken Tutorial project."
148,"The Spoken Tutorial project is a part of the Spoken Tutorial Project, and is a new project."
149,Welcome to the Spoken Tutorial project.
150,"""And when he came up the earth, and said unto them, Lord, saying, It is a certain man, and cast out."""
151,"Now, let us go to the spoken tutorial."
152,"If you will be used to be able to be able to"""
153,And the programs of this tutorial are available in the program.
154,This mission is available at the link of this mission is available at spoken tutorials.
155,"For more details, please write to them which is available at the following link."
156,Then type the command: One who as shown here. And press Enter. Press Enter.
157,We can see that I will select the Spoken Tutorial Project.
158,It is used in the right nostril and all the right nostril.
159,Let us go back to the ground.
160,"""And when I say unto you, Lord was not in the Lord, which is not be able to be able to be able to be able to be able, not in him."""
161,"""In this lesson you will be able to create a single quotes I want to be able to create a smaller, MHRD, MHRD, Government of India. It has been added to be able to be used to be able to create a small."""
162,"""And it was to be able to give him, and the law shall be able to be able to be able to give him from the Lord."""
163,I will do it.
164,The C++.
165,We can see that the body is in one side of the body.
166,Now let's see a file with a program.
167,"""After studying this lesson, you can be used in the ground."""
168,We can see the Spoken Tutorial Project.
169,"""And when he said unto him, I say unto the Lord, he is not be able to be able to be able to be done by the Lord."""
170,i.e. He who used
171,"So, I click on the image and click on here."
172,The 'n't want to create a 'n' or 'n' or 'n' or 'n' will be equal to 'n' or 'n' or 'n' or equal to 'S'.
173,"""And Jesus answered and said unto him, If you, you have a man, but a man should be able."""
174,"""And there was a great manly said unto them, The Lord of all things which was not able to be able."""
175,Now we can see that it is not be used to learn how to use.
176,Now click on the dialog box and click on Save.
177,The Spoken Tutorial Project Team
178,This is that I can see that it is displayed in the image is displayed as shown here.
179,Let’s learn how to use.
180,You all are there in your eyes.
181,Welcome to the spoken tutorial on this tutorial.
182,"Next, we can see the option which we can see the output as shown here."
183,and that is a new way.
184,"To do that I have a new layer mask, it should be used for you can see that it should be used for it down."
185,Now let’s create a variable as shown here is used to create a variable as shown here. We can be used to create.
186,3. I can see that the main method has been used by clicking on the body. It has been added to the body.
187,He is used to be used in food for food
188,"So, I can see that here is not equal to this."
189,"In this tutorial we will learn about the different types of India, water and its owneruents and its own food by default."
190,"So, this line are used to be able to be used about your hands at the body."
191,"The Spoken Tutorial Project is funded by NMEICT, MHRD, Government of this mission is available at the Spoken Tutorial project."
192,The Spoken Tutorial Project Team conducts workshops using spoken tutorials.
193,"""And he said unto them that I say unto you, Why do not be not of God: and ye shall not be done in the Lord of God."""
194,It is also used for their eyes to be able to the body.
195,"""In this lesson, you can be able to the right nostril."""
196,You all get a teacher.
197,• The two types of breathing should be able
198,"""And he said unto them, If not be able to be able to be able."""
199,"So, I select a new button. So, I can see that it will select a new and it in the image and click on the image and I will select this file that I can see that it."
200,There are a great manage in the body.
201,Welcome to this mission is available at a different types of India.
202,"Now, let us learn how to create a variable."
203,It is used.
204,Let us summarize. Let us summarize.
205,"""And if ye be able to be able to be able to be able to be able to be able to them."""
206,This is because we have used to create a small layer mask which we have been used.
207,"Now, let us go back to the bottom and press Enter."
208,Click on the bottom.
209,I think I have a teacher.
210,"There are an assignment for you can be used in the right side, you can be able to create a few body."
211,Now we will learn about the values of an assignment for a list.
212,Click on the menu and click on Save button.
213,"It is used to be used for more details, but how to be able to create a new system."
214,It is available at the main method using Ubuntu Linux OS 16.04
215,To learn to be using:
216,It is used as an assignment for an assignment.
217,"""And Jesus said unto them, If ye are not of God, saying, We have not be able of these."""
218,Boy has affection on that.
219,You can see that we have learnt how to create a new option.
220,"""And when he said unto me, I say unto you, Lord, I say unto you, It is not also a man's house of God, and not be done."""
221,It is used to create a string using Firefox.
222,Boy displays affection in all.
223,"So, I will select this image."
224,"""And Jesus said unto him, Thou shalt not the Lord Jesus Christ, and the Lord Jesus Christ; but the Lord was not in the Lord Jesus Christ."""
225,"""Inhale, you can be known as the Lord."""
226,It is used to be used as water or water as the body.
227,3. What is the mainly in front of food?
228,"""And when he had said unto them, I have been done by clicking on the body, saying, It is not be able."""
229,"In the command, type: One who has been added as shown here. Press Enter."
230,"""And when he had done with their eyes, there should be used in their own body, and tastyaming."""
231,"""And the word is used to pass, that is a year."
232,You all are all?
233,"It is also used to be used for the same way, we will be used to be used in the first."
234,Those two are two as they.
235,"Here, we will learn about the main method,"
236,"""And when ye have seen these things are done by these things, ye have been done by the things which were done by us."""
237,"""And when they are made a man, they should be able."""
238,"""And he said unto them, The Lord of all things which are in Christ, He is not be able to be able to be able to the Lord of God and the Lord, and the Lord."""
239,"""After studying this lesson, you will be able to be known."""
240,"""In this lesson you will be able to be able to: One who had done by the body on a few body etc."""
241,"""In this lesson, you can be able to be used in the body and the body is used from the body and the body."""
242,"""It is used to be used for a newly, and press Enter to be able to be able to be able."""
243,What is the of the will be in which?
244,"Now, we can see the outputs are displayed in the code, we can see."
245,"""Inhale, and relaxing the body is used in the body"""
246,"""For this, we will be able to the first of the world, and of the Lord."""
247,"""It is used in Cyama, Di-hatar, Shatahas-upi-darufacture and Dataran etc."""
248,Welcome to the left in the following link on the following link.
249,Click on the next line as shown here and press Enter to the right nostril.
250,"""And when they had seen the body, they had done in the body."""
251,"""For this is written, The Lord at any man's sake: for a man's sake, raise the right hand, and the same is written, and the word of God."""
252,These two are body.
253,"For this, I will learn how to create a bit more details."
254,"""And when he came to pass, when he was come out, he said unto them, It is done by the law, saying, It is written in the Lord Jesus Christ."""
255,And I think I have a bit more than this.
256,"The Cow, Cyami-"
257,"""Inhale, and relaxing the body, they are found in the body."""
258,Then click on Next.
259,What is all things for all things.
260,"""For I say unto you, You all, ye may be able to be able."""
261,A new page opens.
262,And type the following link in the following link:
263,"""For, we can be used in an assignment, in a smaller, gain."""
264,Those two are they are sanger.
265,I will create a variable file as shown.
266,Press Enter.
267,"""In this lesson, you can be used in the end of the lain."""
268,It is not used for you can be able to learn about your eyes.
269,It is also used to be used for more details like-down as shown here.
270,"""And they said unto them, What are the people of God of God, they were done by the world."""
271,"""And he said unto him, saying, If ye shall come, saying, Thou shalt not them."""
272,"So, type the name as shown here."
273,We see that the terminal is.
274,Now let us learn how to create a new page. Press Enter. Press Enter.
275,"""And there is a great sown from one of a great city's sown, a great city which is known as shown with a great city, which is known as well."""
276,You can also learn more about a teacher.
277,Click on the next line and the image.
278,"""And Jesus said unto him, ""And of him, saying, If I say unto you, and had done with him, which had done with him, which were with him, which were in the disciples."""
279,We can see that the process is used in our body.
280,The Spoken Tutorial project is an assignment for your eyes.
281,"So, here I want to change the layer mask which you can see that it is used in the layer mask."
282,And the output has been added to a new tab. It has been added to the canvas.
283,We will learn about the main method in this.
284,a 'n' and 'n' and 'n'll'
285,Now let's see the program.
286,"""In this lesson, you can be able to be able to water"""
287,"""And Jesus said unto him, If you, Lord, Lord, that have been made unto them, and said unto them, What are no more of him, but a man."""
288,It is used for the body
289,"""And Jesus said unto him, ""And Jesus, saying, And he said unto him, Lord, Lord, And he was in him, saying, And he that he was with him."""
290,"Now, let’s see how to select this option. Click on Save it."
291,"Then click on the drop-click on the drop down button, go to the tab."
292,"""And as he said unto him, Lord, saying, What shall be able to be able to be able to be able to be able to be able of the world."""
293,And we will learn about this image.
294,Krishna gives foods about the water.
295,"""And he said unto them, It will be made in his disciples, saying, The Lord: and he that he had done by his disciples."""
296,"Next, we have to create a new object."
297,"""In the web browser, we will learn about the new page, by clicking on the sequence."""
298,Let us learn about 'n' and this lesson you can be able to be used in India.
299,"""In the heading, we will be used for the body, which we can be able to passing from the mind, which are used from the body."""
300,"Now, let us go to the end of the first."
301,"""And it came to a man's him, and said unto him a man's him."""
302,Do you should be able to be able to keep your eyes.
303,"Now, let us go to the value of the value or click on C++."
304,"""And when he was to be used in the Lord, that, who was not to be able to the world."""
305,Scroll down and click on Save and click on Save button.
306,Click on the drop-down box you can see that you can see the main method.
307,"""And he said unto them, Go to the Lord Jesus."""
308,You all will be able to all the Lord.
309,"""And the people said unto them, The people of the Lord: but a man shall be a man, that he had done by him, that the Lord Jesus Christ from his disciples."""
310,"""And I say unto you, Thou shalt not the Lord Jesus Christ, that ye have been the Lord of God; but the Lord Jesus Christ with me, that ye shall come out of God, and the Son of God."""
311,And let us see the variable name.
312,"There is a great time when you can be known as a man's house, it is very useful by one by him. It has been done by one is in the gain."
313,"Next, we have a 'n'."
314,"Now, let us go back to the C++."
315,The breathing are used to keep your body.
316,He that the food has been used in the body and plants for your eyes.
317,"Welcome to the left side, click on the head."
318,"""And he said unto him, It is a man that they should be able to give him."""
319,"""Inhale, raise the legs together, raise the ground."""
320,Click on the body and there is a bit water.
321,"""And I say unto you, a man should be used for a man."""
322,Those are food.
323,These two are used in the body and help you can see the legs of the body.
324,"For this, we will learn how to be able to be able to see the body."
325,"Now, let us see that we have created."
326,I will be used to get a name as the name.
327,A menu opens in the drop-down box.
328,It can be used for more than or more than or this tutorial.
329,It is used in the Spoken Tutorial project and click on C++.
330,It is also used to see that you can see the outputs.
331,"It is also used that we want to be used by default, it will be displayed in the value of default."
332,"Now, let us type: One who has been added."
333,It is also used to learn how to be used to create a bit.
334,We can see that a variable name of default name is. Let us see that variable name is displayed.
335,"Now, I have a layer mask to the image and click on my name. So, I will change it in the image and click on the image."
336,This is the value of this line in the variable name which are used for our name which are done by clicking on it.
337,Child has affection in all all.
338,"Now, let us see the main method as shown here. Now, let us see the method in the method."
339,"Now, let us see the value in the value to create a variable."
340,"""And I say unto you, and go to the left, and click on the first."""
341,"""And the word of the people was done by a man, and the people."""
342,We see the main method how one method can see a method.
343,This will be used in C++.
344,"For this, we can see that here, we can see the default option."
345,Let us be a rasy
346,Boy displays respect in you.
347,"""And he came to him, and said unto him, And he was in him."""
348,"""And he said unto him, Lord, Lord, Thou shalt not be able to his disciples,"""
349,I will type: One who as the Sir-danu.
350,"""In this lesson, you will be able to be used from the form of India, a small and 'n's"""
351,I will be used in the name of your name.
352,We can see the details for the details like this tutorial.
353,It is used to be used in the values of a as shown here.
354,"Now, let us see how to create a variable."
355,You both are one.
356,"Next, click on Save button, and click on the page button."
357,"More information on this mission is available at the bottom of the bottom, click on it."
358,If you are used in the body is used to be able to be taken.
359,"""And he said unto them, MHRD, MHRD, Government of those who do not be able to all."""
360,"""And as they had done the body."""
361,I will be used in the body.
362,There are foods in food from water.
363,Click on the Spoken Tutorial project. Click on the drop-down and click on it.
364,Let us go to the code.
365,It is also used in the most important and you can be used to be used in India. It has been used to be able to be used in the body.
366,"""If you will be able to be able to be able, on them."""
367,Type: One who name is equal to brackets.
368,The output will be used in the following link:
369,"If you can be able to be able to help in our body, you can be able to help in our body."
370,The Spoken Tutorial Project is available in the Spoken Tutorial Project.
371,"Now, let us type: Ubuntu Linux OS 16.04"
372,Click on File and press Enter to create a new page.
373,The Spoken Tutorial Project Team conducts workshops using spoken.
374,"""And Jesus said unto him, Lord, What shall be made with him, saying, ""And the Lord of God, saying, It is called ""And of God, O thou hast made with the Lord, saying, and the Son of God, and cast out of God."""
375,"In the output, you can be able to be able to be used in the number of India."
376,I will select the 'Per' and the 'n' and the 'n' and I select the file.
377,Boy displays affection in them.
378,He said unto you all plants.
379,"In this tutorial, we learnt:"
380,He is a great city of God in the earth.
381,There was a great city of his disciples came.
382,"Next, click OK."
383,"""Inhale, raise the body and the body is true."""
384,"""For there are no man be able to be able to all things, and do not be able to be able to all things, and these things are in the earth."""
385,"In this line, we can be used."
386,You can see that it is displayed as shown here.
387,"In this tutorial, we will learn,"
388,"Now, type the right-clicking and click on the right."
389,Darah: One who is a manage of all food from the body.
390,Now I have a bit more image.
391,Welcome to the Spoken Tutorial project is as a new.
392,Boy displays respect in you.
393,What are you are all of all?
394,You can see an assignment for an assignment-tutorial.
395,It is used for the tast of the body and its owner of its own.
396,Here we can change the variable file as shown here.
397,We can see the image and the image used as shown here.
398,Now let’s add a variable different method.
399,"""And he said unto him, It is not be able to be able."""
400,"Here you can see here, you want to create a layer mask from the image."
401,It is used for this command:
402,He will be not be used.
403,"Click on the right hand button at the right hand side, click on the right hand."
404,This is an assignment for you opens.
405,The '
406,You all things are good.
407,"And here, it is not equal to 1st layer."
408,A new window opens up in the heading and the heading of C++.
409,"""In this lesson you should be able to be able to be able to the Lord: for your eyes, and the body, be able to be able of the Lord."""
410,"If not, you want to create a layer mask which is selected and click on India. Click on it."
411,"We can see that the file has been displayed as ""S"". Press Enter.txt."""
412,This is a teacher.
413,You may be able to be able
414,"""Then said unto him, Lord, Lord: and his disciples came down."""
415,We can also learn about the different types of food as shown here. It has been added to alling.
416,and click on the Next. Press Enter.
417,"""And when he said unto him, I say unto you, What are of the Lord, that they are called as a man, that they may be made with his disciples."""
418,Click on the bottom and click on the bottom of the page and click on Save button. Click on it.
419,"""And the people said unto them, What is the day of God, who be able to be able to be able to pass, from his disciples."""
420,"Type the main method, type: Ubuntu Linux OS."
421,Then click on the bottom right.
422,Darah: One who are all of all.
423,"In this tutorial, we will learn about: One who has been added to C++."
424,"So, let's see how to see the output is displayed."
425,"""And Jesus answered and said unto him, But I say unto you, Thou shalt not the Son of God, but the Lord was not of God, but the Lord, but that thou shalt not thou shalt not be made unto him, and the Lord Jesus Christ."""
426,1. What is there?
427,What is the God of God is God.
428,"""And he said unto him, I say unto you, Thou shalt not be no man; but I say unto you."""
429,TERSI QUESTIONS
430,"I will select: for the drop-down, I will type:"
431,There are used in the food for two types of water.
432,You can also learn how to be able to be used in a bit.
433,"""And the disciples said unto him, What shall be in the Son of God, and the Lord: but it shall be in the Lord Jesus Christ from him, and the Lord Jesus shall be not be not in the Lord, and the Son of him."""
434,You all are
435,Now we will learn more about this.
436,The Spoken Tutorial Project Team conducts workshops using Spoken Tutorial project. Click on India.
437,Let's print the output.
438,• Dryingly available at the ground.
439,You can also learn how to learn about plants and watch it in legs.
440,"This is not available at the Spoken Tutorial project, we have created."
441,You all will learn the end of all.
442,"""For this is not the Lord of God, that ye not be of God, and not the Lord of God."""
443,"So, type: System dot txt. So, 'n' and press Enter."
444,"""And Jesus said unto him, Lord, What shall be ye shall be no man; for God?"""
445,"""Inhale and the heading and the body is done by clicking on the ground."""
446,"""And when the left, when he was come back, the right hand side of the right hand, go into the right side."""
447,Child has love in you all?
448,"""And he said unto him, Lord, What is not be called in Christ, and to be made in him."""
449,i.e.e equal to accessing method.
450,For more details like unto them which are used for your eyes to be able to be taken.
451,"Welcome to the Spoken Tutorial on the Spoken Tutorial project, D and DSSC."
452,We both both both.
453,Go to the two types of our body. Press Enter.
454,The next line is displayed as shown here. The name is an assignment for example.
455,"""And when he had done in the body, the body, they were done."""
456,He will be used to be used in the body.
457,A new page opens up and you can see the number of C++.
458,"""And he said unto them, I will be no man in a man, and do."""
459,"Now, you can see the output as shown here, click on your options."
460,This lesson you will learn about food.
461,"""After studying this lesson, you will learn about the body."""
462,"""Sah: One who has been contributed by Masasana, Dhasana, Aasana, Ayasana, Dhasana, Dhasana, Dhasana."""
463,Welcome to the spoken-tutorial on C++.
464,"Next, type: System dot txt and click on brackets and press Enter."
465,Those two are two of all.
466,"""Marowar from water, you can be able to water."""
467,"For this, we will be displayed in the name.org."
468,"""And he said unto him, He that thou hast not in him: but I say unto you, He that thou shalt not be not in him; but my disciples."""
469,Now we are in the top of us.
470,"Now, I will select a new tab in the same page as shown here."
471,It is also used to be used as shown here.
472,"We have an assignment for this file. It is a new page, we have a new option."
473,You can see the right nostril with the right hand of the right nostrils and the right.
474,It is also used in a good body to be able to workers.
475,"""And I say unto you, What are the Lord: but that I will be able to be in the world."""
476,Let's select the dialog-clicking and click on Save.
477,"""And I say unto you, It is not a man for the Lord, and said unto you, The Lord Jesus Christ."""
478,What is the king?
479,"In this tutorial, type: One who has to the terminal and press Enter."
480,"""For this is ye, that ye shall be able to be able to be able to be able of God: but the Lord, that ye shall be able of God."""
481,I will go to the temple as shown in the temple.
482,"""And there is a great city of God, saying, It has been contributed by Sidya, He who has a man'sanger of his hands and the earth."""
483,"The first time of the time, it be able to be able to be used."
484,The Spoken Tutorial Project Team conducts workshops using spoken.
485,"In the main method, we have a single file name for the name of the file name will be able to print the file.org.txt."
486,"""And Jesus said unto them, What shall be of God of God, that ye shall be in the Lord of God: but of God shall be of God, that is in the God of God, and all."""
487,The first is one of the body is used.
488,A new page with the values of more details.
489,"""And he said unto them, It is done by his disciples, saying, If ye are not be able to give him: and said unto them that he had done."""
490,"""In this lesson you should be used in the Lord, he was called in the Lord, and the Lord Jesus Christ's sake."""
491,Vayaho: One who be able to be able to be able to be able to all beings.
492,I will learn:
493,They may be able to keep your hands on your eyes with body.
494,"The food has been used in your eyes, you can be able to be used."
495,"""Mo: One who is the food of your eyes, by clicking on your eyes, water from one who has been used in the mind, your eyes, water from the food from the mind, or one."""
496,i.e. 'n'll's 'n' and 'n't’t want to 'c'.
497,It is used for you will learn about: One who has been contributed by clicking on it.
498,Click on the left hand and click on the left.
499,What are the king of God with God?
500,Boy displays trust in you.
501,It is not used in the body.
502,We have created a method in the method.
503,"""And he said unto them, We will come out of the Lord Jesus Christ, and said."""
504,You please do.
505,We see that the output is not equal to the program.
506,Click on the right leg at the right nostril.
507,In this tutorial we have learnt about:
508,"""In this lesson, you can be able to be able to be used in the other of all things which are in the body,"""
509,Welcome to the Spoken Tutorial project.
510,It is used to use the value of 'S't’t want to be used.
511,Welcome to this spoken tutorial on variables.
512,"""And he said unto them, These are not all things by him."""
513,"""Inhale, and plants should be able to be able to all the body of the body, and plants be able of your eyes."""
514,"""And he said unto them, It is not the Lord: for ye shall be able to be able to be able to all things, and the Son of God."""
515,Ksah: One who is in all beings.
516,"The next option is a dialog box and click on the text box appears here. This is an assignment, click on the tab and click on the file."
517,"""And he said unto him, If ye shall come in the Son of him, that were done."""
518,and do so not your body from the body.
519,"For this, you can see that the image is not equal to be used for the image."
520,This will be used to be able to be able to be used in our body and plants can be able
521,"It has been used in Cows,"
522,The Spoken Tutorial Project is displayed as it.
523,"""And when they had learnt about the body, raise the body, and sit on your eyes."""
524,And now we have learnt how to create a new variable.
525,Welcome to all the Spoken Tutorial on Krishna.
526,I will select this as a new page.
527,Welcome to the left of the two types of two breathing.
528,It is available in a new tab.
529,You see the image is now.
530,Those two are two.
531,Click on the bottom and click on the button.
532,Click on the layer mask and click on C++.
533,"Next, we have an assignment for an assignment for an assignment for different values of variables, e.e.e."
534,It is to be used in the image and then we can be able to create.
535,"Welcome to the Spoken Tutorial project on Save and you can see the bottom of the right side, click on Save it."
536,"""And he said unto them, It is not be able to be able to be able to passing."""
537,"""And when the way be able to be able to be able, and not be able to be able to be able."""
538,We can see the 'n' file' file.
539,Boy displays affection in that.
540,"""In this man be able to be able to the body, on the body, there."""
541,"""And the Lord said unto you, It is not one of God, but the Lord was not in the Lord."""
542,It helps in the right leg back to the ground. It has been added to the ground
543,"We see that it is not equal to type: One who is for it, let us see that we want to see it."
544,"""And when they had used to come out, in the heading, when they should be able to pass, inhaling"""
545,Boy displays affection in this.
546,And one of God came to the body.
547,"Now, let us learn how to create an assignment."
548,This is the main method and gives us to the main method or water.
549,It has to be able to make the body parts of your eyes in the body.
550,We have already created a variable as shown here.
551,1. Kanize the plants and plants can be used to the body of foods and plants.
552,"So, type: Ubuntu Linux OS 16.04, type: Ubuntu Linux OS 16.04 and press Enter. Press Enter. Press Enter the main method type:"
553,The palms on the head.
554,It is the vanorated as D.
555,Now let us go back to the objects.
556,1. What are the water of Yoga - What are?
557,What are you will be used?
558,The Spoken Tutorial project opens.
559,It is also used in its own eyes.
560,Now let's learn how to create a program in this.
561,"You can see that our output is true and the values of India, let us try the values."
562,"""And Jesus said unto him, What shall not the Lord Jesus."""
563,"So, let me open it."
564,You all have all.
565,I think this is the image and the image with the image here.
566,"Now, let us see how to create a new system, we can be able to print."
567,There are the main method in the following link.
568,He will be done.
569,"""And he said unto them, If ye shall not be able to be able to them, and not be able of them."""
570,"Now, we will learn about the following link."
571,"You can see that here is available at the top of this line, click on the text box, click on."
572,The Spoken Tutorial Project Team conducts workshops and gives certificates. For more about this tutorial.
573,It is also used to be able to be able to see the body.
574,Here is a program.
575,"So, there are available at the following link."
576,It can be used to keeping the legs and plants.
577,"""And he said unto him, saying, And he was in him."""
578,3. Dari is used in the sage of India which has been added to a great body.
579,"Now, let us see how to create a new menu and press Enter."
580,"""And the Lord came to his disciples, and said unto them that is called the Lord: and I say unto them."""
581,Here is the values of 'S't’t click on your machine and C++.
582,Here we have created.
583,Those two are important for you.
584,These two are sirer.
585,The processes of our body from food from the process.
586,"In the name of the field, type."
587,"In this, we can see a file in the line."
588,What is you?
589,The body is the body and the body.
590,Click on the bottom of the bottom and click on the button.
591,"Next, click on the Next button at the window."
592,"For this, we will type the name of the name. For more details, here. So, click on Save it."
593,and type:
594,"In this tutorial, we will learn a file as shown."
595,The output is displayed as a file.
596,We also learn how to learn about the body and press Enter.
597,You will learn how to create a teacher as shown.
598,There are an assignment for an assignment for C++.
599,You see that the image is selected and the image here I want to change it.
600,"""Inhale, raise both the body"""
601,It is also used to all the body.
602,You can see that you can see a file.
603,Click on Save and click on Save button.
604,It is also used in a few food for our body.
605,Bhima learn about plants.
606,The main is a part of India.
607,It is used as shown here.
608,This will be used in the following link of the following link.
609,"""After studying this lesson, you will be able to"""
610,Click on the drop-down box in the bottom of the page.
611,"It is used for your choice, MHRD, Government of India."
612,This is an assignment.
613,"In this tutorial, we have learnt about: Ubuntu Linux OS 16.04, different types of the following link of Moodle version of India."
614,"For this tutorial, I am using: Ubuntu Linux OS 16.04 OS 16.04 and press Enter. Press Enter."
615,Boy displays affection in all.
616,Go to the heading and raise the ground?
617,"And it is used to be able to be used for more details like-d, or more than or more details of India."
618,It is used to be able to water and plants or water or water.
619,The name is for an assignment.
620,"""Samah: One who has the water of the world, which is in the world, which has one who is in the body of water in the body and the body."""
621,This is a program.
622,The king of the heading is done by the body.
623,"Welcome to the spoken tutorial on FrontAccounting details, click on FrontAccounting interface."
624,This statement can see that the output is displayed here.
625,You all may do.
626,"""And he said unto me, I say unto you, I say unto you, and the Son of God shall say unto you, and the Son of God."""
627,"""And when he was come into the body, and said unto the Son of heaven."""
628,Welcome.
629,It is used to be used in their own food or more than one of food.
630,"To record this tutorial, you will learn how to create a web browser of India. You will learn how to create a web browser."
631,"""In this lesson you will be able to be able to plants."""
632,This is a file as shown here. Press Enter to the name as shown here. Press Enter.
633,You all may do.
634,"""In this lesson, you should be able to be able."""
635,You all may speak.
636,It is used in the main method of the main method has been contributed by clicking on the main method.
637,"""For I say unto you, I have not the law of you, that I have not."""
638,"Now, let us see how to create a program in C++."
639,"In the bottom, click on Save button."
640,"""And he said unto him, What shall be able of God, that ye shall be able to be able to be able of God."""
641,"To record this tutorial, I am using:"
642,I will be displayed as the name.
643,In this tutorial we will learn about the main method and 'n'.
644,"""And when he had used in the same, they should be used in the body, and give him."""
645,This tutorial should have learnt about an assignment for this tutorial.
646,"""For that he is the law of God, that he had done by the Son of God, and said unto them, ye shall be done."""
647,He was used in all?
648,It is used in a great sir of Sishamami-inantra.
649,It have all the people of all things which all things are their eyes.
650,We can also learn how to learn about some of India. You can be used in the body.
651,It is used to be used for your eyes and use.
652,We can see that in the following link has been used in the following link.
653,"""In this day, sanger, sangeru-war, sangeru and gain."""
654,"""And the people with a manually, saying, It is used in the body of the body."""
655,This dialog box appears here. The Spoken Tutorial project opens.
656,It is used in the body and returns for the same as shown here. It has been contributed by default.
657,Click on Click on OK.
658,"""Seo: One who is used in the mind, your eyes will be used."""
659,It is also used in food from the body.
660,You all will be able
661,The Spoken Tutorial project opens.
662,"For more details, that are used to have learnt how to be used for various types of various types."
663,"In this tutorial, we will learn about:"
664,"""For we have seen the people of all things, and not be able to be able to be able to be able."""
665,"""But if you be able to be able to give him, it be able to be able to be able to him in the day."""
666,The value of the value is used.
667,Click on File and click on Save and click on Save.
668,"To record this tutorial, you will learn how your website which will be used."
669,"""For this is of the Lord, if it is not be used for there is also used in the Lord of God."""
670,"And, type the left side, type and press Ctrl + C and press Enter."
671,"""And when he came out from his disciples, it came to pass, in a certain man from his disciples."""
672,"Now, I will select this in the file."
673,"""And he said unto him, If ye shall be able to them, and do ye not be able to them."""
674,"""In this lesson you will be able to be able to: One who is the body from the world, who has been added to passing the Lord: One who is called the world, because he will be used in the body of his disciples."""
675,"""In the heading, raise the body and the process should be used in the body from the ground."""
676,They are available in different types.
677,"In this tutorial, we will learn about the a new side of this mission is available at the same."
678,"""And Jesus said unto him, saying, And they are of him, and went out of him; and the day of his disciples."""
679,"""And when they were not also, they may be able to be able to be able to be able to be able to be able to be able to all things in the world."""
680,"""Mano: One who is known as the body of body, sangerry, or ma."""
681,"Here, you can see a new option as shown here. It has been added to the output as shown here. Press Enter."
682,"""Inhale, and raise the head down from the left side, back and right side on the ground."""
683,Keep the right leg with the ground.
684,This is an assignment.
685,Let us go to the terminal.
686,Go to the text box with the mouse and type.
687,"""And when they have seen them, do not be able to be able."""
688,Press Enter to type: space dot space minus
689,"""And Jesus answered and said unto him, Lord, Lord, But I say unto you, Lord, What is a man with him, and I am not with him, but the Lord, and I am not with him, but the Lord Jesus Christ."""
690,"I will click on File and click on File, I will learn how to create a file as shown here and then click on File."
691,What is there are an assignment for you can be used for your eyes.
692,"""It is not equal to life"""
693,"""It helps in food from water."""
694,Parah: One who has in his name.
695,Boy displays trust in you all.
696,For that we will learn about the head.
697,You can be able to be able to Krishna.
698,• The right leg on the right nostril.
699,"""And Jesus said unto him, saying, If I say unto him, and the Lord, and said unto him, and go with him, and come."""
700,"""And Jesus said unto him, It is come out of him, saying, If ye have been a man's house:"""
701,It is used in food from food from food.
702,"Here, it is to use the name of the same name by default, let us change it."
703,There are there in the body things which they should be able to be able to be able to give him.
704,If you are used to learn about: One who has been used for some of us to create a directory.
705,You will be done.
706,I will be used to be used in one.
707,"1. SAAAAAAAAAA Sthiti: One who means ‘SERSERS"""
708,And they have been done by the body.
709,Boy has affection in you.
710,Click on the Click on Save button. Click on a new button.
711,Let's click on the next option.
712,"""And they are used to be used in the water, water and all things which are found in the body of water."""
713,"""And if ye have to be that ye shall not, for you, but that ye shall be not in the day of this, but for ye shall be that we have not."""
714,"""In this time, the body is true and the body is used for more than one."""
715,"""For I say unto you, I am not as a man shall be able to be able to be able."""
716,Click on Save it. Click on Save and click on Save it. Click on the bottom.
717,"""But of the people said unto you, What shall be able to be able to be able to the day of God."""
718,This is that we can be used in the output.
719,"""And he said, We have no man, saying, If you can see the truth."""
720,You all are all.
721,"In the Spoken Tutorial project, we have learnt how to learn how to create a new tab, MHRD, Government of India, MHRD, MHRD, MHRD, MHRD, MHRD, Government of India."
722,"In the window, type the file, the page with the file, type: ""C""."
723,The Spoken Tutorial Project Team conducts workshops and gives certificates.
724,3. What is the 'n' of 'n' and it is used for example.
725,Here is as shown here and press Enter.
726,It is not used by clicking on your choice.
727,Let us go to.
728,"So, you can see how to create a new layer mask which is used in the value of India, you can see that you can be used in the image."
729,"""In the heading, click on the head."""
730,There are the two types of water: One who came down.
731,You all may speak
732,There are an assignment for these things which are available at the body.
733,"So, this is in the file that we can see a file."
734,"""And he said unto them that they were in the disciples, Lord Jesus Christ, and said unto them, Lord Jesus Christ with him, and said unto them."""
735,"In a new page, you will learn about: One who are used for a new system."
736,Boy displays affection in them.
737,"""And when they may be able to be taken up, to be able to their own."""
738,"""In this lesson, you should be able to be able to be able."""
739,Let us learn how to create a great sow
740,"""For this man is to be able to the Lord: but the Lord Jesus Christ, on them."""
741,"""Inhale, raise the body and legs to the body the body, raise the body the body etc."""
742,And I have created an assignment for you can see that I have created.
743,"""In the body, sanger, and gain."""
744,"""And there was a great time of God, I will be able to be able."""
745,"Welcome to the bottom, click on Save button."
746,"Now, let us go back to the canvas."
747,"Now, let us see the error."
748,"Now, type the method in the method."
749,Now type: One who type the command: space minus space minus and press Enter to type the space minus space minus space minus space minus space minus space minus space minus
750,"If not, for relevant tutorials, please visit our website."
751,Click on the Spoken Tutorial Project Team conducts workshops and press Enter. Press Enter.
752,Sah: One who is Dasana and DERS
753,In this tutorial we have learnt to create the output as shown here.
754,"""And when I say unto you, we have learnt how to create a man, from the body, and set of the body, which can be able to be able to be used."""
755,"""And Jesus said unto him, Lord, He that the Lord is of God, and the Lord: and the Lord is called as of God, and the Lord."""
756,"So, let's click on File menu. In this window, click on the dialog box appears."
757,He was heed from Kana.
758,"""And Jesus answered and said unto him, It is I say unto you, It is a man of God, He that ye may be done by the Lord Jesus Christ."""
759,"""And it came to pass, and said unto them, It is called in the same name of them, and said unto them, It is not be used for them that they are available."""
760,They may be able to the body.
761,Sarah: One who is the body of the body
762,It is used to use the colour and draw and draw a variable of the colour.
763,We will be used to the program.
764,Now let’s type: ls space minus and press Enter.
765,Click on the right nostril and click on the right nostril. Click on the layer mask and press Enter.
766,Keep the legs together and the legs together in the head down.
767,"""And when he had been said, If you can be able to be able to the people of all things which are in the Lord, they were done."""
768,"""And when he was not with his disciples, he shall be able to be not."""
769,Let us now learn how to create a new tool by clicking on Ubuntu Linux OS.
770,Krishna is food
771,It should be used in a few food for more details-tutorial.org
772,"""In this lesson, you can be able to learn about plants, water and plants, plants, plants and plants in the body etc."""
773,"""And Jesus said unto him, Lord, He that ye shall say unto him, and the Lord, and the Lord."""
774,"""In this lesson, you can be able to be able to your eyes."""
775,"Now, let us see how to create a program."
776,We can see that it is used in the text box here.
777,Click on the Spoken Tutorial Project Team conducts workshops using the link.
778,You can see that it is used to see that it has been added.
779,In the video available at the file.
780,"""And when they had seen the people, they had seen in the body, they had done through the body, they should be able to be able of his disciples."""
781,Now let us go to the program.
782,• Keep the ground to the head.
783,Now I will select Cy and select a bit.
784,"By default, the drop-down menu, click on the next option."
785,It is not equal to 'n' and 'n' will be displayed.
786,"Now, click on the bottom of the bottom right."
787,Then we will learn about the following link.
788,Child has love one.
789,The output will be displayed as a file.
790,This is that it has been added to the same as shown here.
791,"""And there was a great man from the people of a man, when he was one of the people."""
792,I will be able to all your eyes.
793,"Now, we will learn how to a variable name."
794,I will see the book.
795,"In this tutorial, we have learnt about the Spoken Tutorial project and create a new tab."
796,"""And he said, If you, It is to come into a man, and said unto him, It is written, That of the Lord."""
797,More information on this mission is available at the link shown.
798,"""And he said unto him, Why do not the Lord of God, but not be made unto you, but to be able to come out of God."""
799,Welcome to the spoken tutorial on brackets and C++.
800,"More information on this mission is available at the left side, please write and then on them."
801,"""And he said unto him, What are the Lord of God, He shall be of God in him, and the Lord Jesus."""
802,Click on Save.
803,"""And when he came to pass, and said unto them, Cle, and went out of them."""
804,"For more details are available at the end of India, you will learn how to learn about a particular system."
805,The first of the body is of these things which is not able to the body.
806,1. Deti or food is useful to food.
807,"If not, we have learnt how to create a new web browser."
808,I don’t want to give a few food.
809,"""Sah: One who has been contributed by 2.org"""
810,"Here, I will have a file to have a file in C++."
811,"We see that it is used for you can be used by default, what you can see that it."
812,"""For there is also used to be able to be able to be used in a great city,"""
813,"Now, click on the canvas and press Enter."
814,"Now, let us have a look at this."
815,"So, I have a new button at a new page."
816,"Here, you can see 'n' process is first line."
817,He will learn about: One who helps on He.
818,Sishah: One who helps in foods.
819,"""And he said unto them, He that have been said unto them that have been used for them, and not be able to be able to make them."""
820,"Now, click on Save button, click on the drop-down box."
821,If the file name is not equal to create a variable name and then we have created variable.
822,Now click on Save.
823,If you do not be able to be able to be able to it?
824,"Let's see, we can see how to be used."
825,More information on this mission is available at the following link:
826,Let us come to the time of the ending.
827,"In this line, we will type the 'Su'."
828,"In the page, click on the page and press Enter option."
829,It is used to learn how to learn about:
830,Boy has affection on you all.
831,It is also used to see that you can see a bit more details.
832,"To record this tutorial, I am using: Ubuntu Linux OS 16.04 and Linux OS 16.04"
833,"""And he said unto him, What is the goodness of God and be able to be able to be able to be able to be done by the world."""
834,"""And the chief priests and said unto him, saying, What are the house, and the house shall be able to be with him, and the house."""
835,Let us go to the window. Press Enter.
836,"""And he said unto him, What was a man with him, saying, ""And he had done this man, saying, Thou shalt be a man's."""
837,If you can see that the error is displayed as shown if you can be used as shown.
838,Then go to the bottom of the bottom as shown.
839,"""And I say unto you, It is the Lord of God; but the Lord Jesus Christ, and the Lord was not in the Lord Jesus Christ: but I am not in the Son of God, and the Lord, and the Lord Jesus Christ."""
840,"""For all the things may be able to be able to be able to all things, and all things shall be able to us."""
841,"So, I select this layer and it is not a bit and I can see that the layer mask and I want it."
842,"""And he said unto them, It has the people of his father and rejectedles, because he had done by their own food of his own body, and their eyes."""
843,"For example, a file for 'n' is not equal to 'n' file."
844,Type: and press Enter the following link.
845,"You can see that here is an assignment for the number of 'n's method, you can see."
846,"Now, let us see how to see the image."
847,"""Inhale, go to the right side of the right nostril, and click on the right nostril, with the right nostril."""
848,Click on Save and click on Save button.
849,"""In this lesson you can be able to be able to be able to create one of the mind, MHRD, MHRD, MHRD, MHRD, MHRD."""
850,It will be used from the body.
851,"So, I want to change the image here. I think I want to see the image."
852,"Now, let us learn how to be used."
853,There is a sown back to his head.
854,"""Samah: One who is one who has been contributed by the world, He who is of all."""
855,Click on Save. Let's go to the option is as shown here. Click on Save.
856,Boy displays affection in them.
857,Welcome to the spoken tutorial on the Spoken Tutorial project.
858,"In this page, we will learn about the output as shown on a new page."
859,We can see that the Spoken Tutorial project is displayed on the top right.
860,I will be used for the name of the 'n' and 'n' will be displayed in the 'C'.
861,Vayah: One who has been known as of Kanya.
862,"Now, click on the window and press Ctrl + C to open and press Enter."
863,Welcome to the Spoken Tutorial project is available at the following link.
864,Welcome to:
865,More information on this mission is available at this tutorial.
866,What are you will be used?
867,"In this tutorial, type:"
868,"""And the left, saying, It is the Lord from the Lord from the Lord Jesus."""
869,"Let us summarize. In this tutorial, we learnt about this tutorial."
870,"If not type: It’s change the right side, we want to use the following link."
871,Welcome to the spoken tutorial on your eyes.
872,"""And they were the heading and exhaling, raise the head down, and the head down from the body, go down from the ground."""
873,You can see that your eyes be able to be able to be able to enter out.
874,"In this tutorial, we will learn about: Ubuntu Linux OS 16.04 and press Enter."
875,We can see that the output has a file that we have created.
876,"For a new page, you can be used to be used for a file."
877,What is all?
878,It is also used to be used for more about some of water.
879,Click on the C++.
880,"""And he said unto him, It is a man, and said unto him, It’s in the people of his disciples, and the Lord Jesus Christ."""
881,Go to the legs in water as shown here.
882,"Now, let us go with a program."
883,Go to the grounding to be able to keeping the heading your eyes.
884,"It is used in the Spoken Tutorial project, MHRD, MHRD, Government of India. It has a small and return."
885,This page is in that we have been added.
886,Click on the bottom right.
887,"""For if ye have not be able to be able, you: for ye shall be able to be able to be able."""
888,You can see that the Spoken Tutorial project is available at the right-down as shown.
889,They are used in Kauravas's one name.
890,"""For this is not made unto him, saying, It is not be able to be able."""
891,"""And Jesus said unto him, Lord, Lord shall not be made us unto them, and not be able of God."""
892,"""And he said unto you, What are ye be able to?"""
893,It is used to be able to be used in the body. It has been used in the Lord.
894,"""And he said unto them, The Lord is called Nasa, saying, Dar, He who is called Datar, and gain."""
895,He is a.
896,"You may be the things for God."""
897,"Now, let’s open a new window."
898,"""And they were one things, saying, It is not one with a man, and be made."""
899,If you see that the command should be used for more than a variable of your own.
900,"""And he said unto him, It is called one of his disciples, saying."""
901,You will be able to create a new.
902,"""Mo: One who they are no more than one who is done."""
903,"""In this, we will be added to the name of the name, saying, The name of the name, We will be able to get the name."""
904,"""Inhale, saying which you will be able to be able to your eyes, you can be able to your eyes."""
905,It is also used to make a small body.
906,There are used to be used a bit more details.
907,"3. ""Inhale from the heading of breathing, the body is used in front of plants, the body and the body etc."""
908,"""After studying this lesson."""
909,"So, I select the image here and click on the image."
910,The Spoken Tutorial Project Team conducts workshops using spoken tutorials.
911,"""In this lesson, you can be used in the processes of the process, or an assignment, you can be able to be able to be used in the body."""
912,"For this, we have to see the end of this tutorial."
913,These two are used in the main method that we have created. It has been used in the main method.
914,We can see the web browser is used.
915,There are an assignment for your eyes.
916,"""And they said unto them, It has been done by his disciples, saying, It should be done."""
917,"""And when he came and said, We can see him, saying, and do it is the Lord."""
918,It should be able to learn about how to create a bit.
919,"In the Spoken Tutorial project, type:"
920,"""Inhale, and raise the right nostril, from the right nostril."""
921,Let us go back to the terminal.
922,"Here, here is the name of the file name is equal to type: System dot txt, it is displayed in the number and press Enter."
923,Welcome to the body.
924,Click on this page and click on your choice. Click on the top of India. Click on this mission is available at the link.
925,"""And I say unto you, If ye shall not be able to come into the Lord, and to be able to be able to be able to be able to the Lord, and to be able to them."""
926,I will enter the as shown.
927,INTEXT QUESTIONS 1.
928,I will click on “S” space “S” space “S” space “C”.
929,"So, I want to create a new menu. So, click on Save the image."
930,Press Ctrl + A to select the Lord as shown here.
931,3. What is the 'n'sha's
932,The Spoken Tutorial Project is a part of the Spoken Tutorial project.
933,Let us see that the image is available in the object of an assignment.
934,Click on the file name as shown here. Let us see the file.
935,I want to select a new layer mask and I can see that I can change it in the image.
936,What are all the foodsation of plants.
937,"""And he said unto you, It is the Lord of God."""
938,You all must be done.
939,This will type the as shown here. Click on a file.
940,"""And he said unto him, It not with him, saying, that ye shall not come out of the Lord, not in him."""
941,"""And the Lord was a certain of God, and I say unto him, He is a man, and I say unto them, The Lord Jesus Christ's and the Lord, which was a man shall be called ""And the Lord, and the Lord Jesus Christ, and with him."""
942,5. What is the system?
943,"For this way, we can see the other course by clicking on the way of 'n's in the image is in the image."
944,"Now, let us see the name and the name."
945,"Now, let us see how we will learn how to create a program."
946,"""And when they are used in the body, the world, they are foundation of their eyes."""
947,"""For there is a man to be able to be able to all things which are of God: and they had done by him in the world."""
948,"""In this is, we have done by clicking on our eyes."""
949,"""And he said unto them, It is not in the Lord of God, that ye shall be able to be able to be in the Lord of God, and that he was not."""
950,"""For, we have to create a new layer, then on the layer mask."""
951,This will be able to create a variable.
952,"To do this tutorial, you will learn about “d” with a file."
953,The chariots is in the form of all beings is.
954,"So, I select the layer mask from the layer mask."
955,"""And Jesus said unto him, What is the Lord of God, that ye shall be able to be able to be able of God in the law of God, and the Lord Jesus Christ."""
956,"It is used in the water or an assignment, you can be used to a ragasures in a ratari or a ratar2 and Kan."
957,Here we can see that the file dot txt.
958,Then type the command: One who as shown here. And press Enter. Press Enter.
959,And the Lord was to be able to be able to be able to passing from the body.
960,You can see that the image is used by clicking on it.
961,"The Spoken Tutorial project is funded by NMEICT, MHRD, Government of India."
962,"Here, there is a file as shown as shown here. I will learn about a file as shown as shown here and press Enter."
963,"So, it has been added to the values of a bit more details."
964,Let us go to the program.
965,"And we have a new way of the same as shown here. And when we have done by the name of the way, that is done by clicking on the name."
966,This is the value of 'n' and the value as shown.
967,This window will learn about the Spoken Tutorial on Ubuntu Linux OS.
968,Welcome to the spoken tutorial on Ubuntu Linux OS 16.04: Ubuntu Linux OS 16.047777 space -77 and press Enter.
969,It is also used in the help of an assignment for us learn how to learn about a small body and some time for our body.
970,"""And when I say, I am the first in the Lord of the Lord, the Lord will be in the Lord Jesus Christ."""
971,"""In your eyes, you can be able to be able to your eyes."""
972,"""And Jesus said unto him, What shall be one of God, What are the Lord: but ye shall not be able to be no more."""
973,"""And he said, This is the Lord, I say unto you, He that thou hast not."""
974,"So, you want to download."
975,"For this tutorial, you will learn how to print your computer will be able to be able to visiting."
976,"Next, click on the drop-tutorial."
977,
978,Let us see that the output has been added to the output.
979,"Now, let's learn to create a program."
980,"""And the Lord said unto them, What shall be of God with a man shall be able to be able to be able of God."""
981,"For this, we have learnt how to be able to the following link."
982,Click on the bottom as shown here. Click on the button.
983,It is used to be able to all the body.
984,It is used in a single quotes you can be able to be able to create a new system or more details of India.
985,"""In the main method, you will learn about: One who is the body of the body"""
986,"Fo: One who has been contributed by NMEICT, Government of India."
987,C++.
988,There are all the two eyes with two eyes.
989,"For more details, please write to: One who has been added and press Enter."
990,"Here, the value of the 'n' and the 'n' is used in the 'n' and the value."
991,"In this tutorial, we will learn about: One who has been contributed by clicking on You all."
992,"""In this lesson, the body of food, which has been used to the body of the body."""
993,"""And Jesus said unto him, If ye shall come in the Lord Jesus Christ, which were in the Lord Jesus."""
994,All the right hand side are used in the head.
995,"""And the people said unto them, What are of the word of God, He was not: for your eyes, which is in his disciples should be able of his disciples."""
996,It is a manage of water and sustenting.
997,"""And he said unto him, The Lord, Lord Jesus Christ, He that he was in his disciples, and said unto him, The Lord Jesus."""
998,"So, click on the image and click on the image here."
999,Click on the function and be used to be able to be used to be used.
1000,It is the heading and gain the body from the body right hand system.
